"logins","contributions","avatar","type"
"actions-user",280,"https://avatars.githubusercontent.com/u/65916846?v=4","code"
"adamkucharski",NA,"https://avatars.githubusercontent.com/u/8329046?u=dc224ae97e7693d44d9b1bc7968650a1f4134a42&v=4","issue_authors"
"amanda-minter",332,"https://avatars.githubusercontent.com/u/19464496?v=4","code"
"andresmore",1,"https://avatars.githubusercontent.com/u/2692503?v=4","code"
"annacarnegie",NA,"https://avatars.githubusercontent.com/u/97619284?v=4","code"
"AntonioAlvaradoC",NA,"https://avatars.githubusercontent.com/u/108705534?v=4","issue_authors"
"aspina7",NA,"https://avatars.githubusercontent.com/u/18347047?u=68bf777c871eca4afe43aefb087139bec11ccd8e&v=4","issue_authors"
"avallecam",NA,"https://avatars.githubusercontent.com/u/21230390?u=47f5679ff447f4ffa93855c58e25d31cc9d76ba7&v=4","issue_authors"
"avinashladdha",NA,"https://avatars.githubusercontent.com/u/63897300?u=d687a1b154a2d6627d199f8b14fb5a29a70a2e3b&v=4","issue_authors"
"bahadzie",26,"https://avatars.githubusercontent.com/u/41001537?v=4","code"
"ben18785",1,"https://avatars.githubusercontent.com/u/4490664?v=4","code"
"Bisaloo",NA,"https://avatars.githubusercontent.com/u/10783929?v=4","code"
"BlackEdder",NA,"https://avatars.githubusercontent.com/u/845741?v=4","issue_authors"
"CarmenTamayo",NA,"https://avatars.githubusercontent.com/u/114071268?u=3bb8054a5c8d70a0212c1aca51fc39cb0b66759c&v=4","issue_authors"
"chartgerink",NA,"https://avatars.githubusercontent.com/u/2946344?v=4","code"
"chathuracse",NA,"https://avatars.githubusercontent.com/u/87455678?v=4","issue_contributors"
"davidsantiagoquevedo",NA,"https://avatars.githubusercontent.com/u/67650252?u=821e4d145648338b0025bc34304fb9c77a39ab1c&v=4","issue_authors"
"Degoot-AM",NA,"https://avatars.githubusercontent.com/u/19929487?v=4","code"
"ekamau",NA,"https://avatars.githubusercontent.com/u/7207204?v=4","issue_authors"
"erees",NA,"https://avatars.githubusercontent.com/u/22442251?v=4","issue_authors"
"ffinger",6,"https://avatars.githubusercontent.com/u/12323626?v=4","code"
"fsabrilb",NA,"https://avatars.githubusercontent.com/u/30728976?v=4","issue_authors"
"GAcero02",NA,"https://avatars.githubusercontent.com/u/119520363?u=5a51c93e6e3da6c845bc6d566f681db08098a60a&v=4","issue_authors"
"geraldinegm",6,"https://avatars.githubusercontent.com/u/97849051?v=4","code"
"GeraldineGomez",140,"https://avatars.githubusercontent.com/u/46997659?v=4","code"
"hyolimkang",NA,"https://avatars.githubusercontent.com/u/66198338?u=e8557c295ca2f8b89182e0a3c4d1781e160fd3f7&v=4","issue_authors"
"JamesABaker",NA,"https://avatars.githubusercontent.com/u/6866798?u=982878decacaed9518659bf310d4e1769bf957c4&v=4","issue_contributors"
"jameshay218",NA,"https://avatars.githubusercontent.com/u/9113187?v=4","issue_authors"
"jamesmbaazam",NA,"https://avatars.githubusercontent.com/u/43169674?v=4","code"
"jd-otero",164,"https://avatars.githubusercontent.com/u/56242573?v=4","code"
"joshwlambert",NA,"https://avatars.githubusercontent.com/u/46606402?u=3aa7c369f79a1271a80ffc01781a24db084d1f0e&v=4","issue_authors"
"Joskerus",102,"https://avatars.githubusercontent.com/u/98434743?v=4","code"
"jpavlich",11,"https://avatars.githubusercontent.com/u/1485744?v=4","code"
"juan-umana",NA,"https://avatars.githubusercontent.com/u/64109621?u=b4097abb1d092e3a1e217c6d69a02a27aad5608e&v=4","issue_authors"
"Juanmontenegro99",2,"https://avatars.githubusercontent.com/u/60274234?v=4","code"
"Karim-Mane",NA,"https://avatars.githubusercontent.com/u/84502011?u=228e2c85d83394cc284f3a0ebdcd644e4b926e45&v=4","issue_authors"
"kcharniga",NA,"https://avatars.githubusercontent.com/u/32932075?v=4","issue_contributors"
"lgbermeo",21,"https://avatars.githubusercontent.com/u/123580898?v=4","code"
"lgs85",4,"https://avatars.githubusercontent.com/u/10154525?v=4","code"
"macataci",4,"https://avatars.githubusercontent.com/u/88789311?v=4","code"
"maelle",1,"https://avatars.githubusercontent.com/u/8360597?v=4","code"
"martinamcm",NA,"https://avatars.githubusercontent.com/u/24521183?v=4","issue_authors"
"mcnanton",1,"https://avatars.githubusercontent.com/u/42379883?v=4","code"
"megamezl",8,"https://avatars.githubusercontent.com/u/79583759?v=4","code"
"mfpiracocam",1,"https://avatars.githubusercontent.com/u/30726423?v=4","code"
"mv2405",NA,"https://avatars.githubusercontent.com/u/25888808?v=4","issue_contributors"
"Na-Nino",NA,"https://avatars.githubusercontent.com/u/122571726?v=4","analysis"
"npinto22",NA,"https://avatars.githubusercontent.com/u/81591932?v=4","issue_authors"
"ntorresd",NA,"https://avatars.githubusercontent.com/u/45337127?v=4","code"
"PaulC91",59,"https://avatars.githubusercontent.com/u/25231784?v=4","code"
"pearsonca",NA,"https://avatars.githubusercontent.com/u/1828039?u=57e779e086a50c0d00205e110758272131b1b118&v=4","issue_authors"
"pitmonticone",3,"https://avatars.githubusercontent.com/u/38562595?v=4","code"
"pratikunterwegs",NA,"https://avatars.githubusercontent.com/u/25272594?u=c1ee6f01295bc87e9c35da642e6eb4efa9d152a9&v=4","issue_authors"
"rccreswell",NA,"https://avatars.githubusercontent.com/u/56924958?v=4","issue_contributors"
"rebeccanash",NA,"https://avatars.githubusercontent.com/u/48121535?u=1b5c790db543e01006ea779983cf46491379a984&v=4","issue_contributors"
"rozeggo",NA,"https://avatars.githubusercontent.com/u/3005021?v=4","code"
"sbfnk",NA,"https://avatars.githubusercontent.com/u/1156307?v=4","code"
"seabbs",NA,"https://avatars.githubusercontent.com/u/20317649?u=eff3f4970c361f47af4e653fa562743001c5c2c3&v=4","issue_authors"
"thibautjombart",NA,"https://avatars.githubusercontent.com/u/10757154?v=4","code"
"thimotei",13,"https://avatars.githubusercontent.com/u/11581083?v=4","code"
"TimTaylor",NA,"https://avatars.githubusercontent.com/u/43499035?v=4","code"
"tracelac",4,"https://avatars.githubusercontent.com/u/110865079?v=4","code"
"yungwai-chan",NA,"https://avatars.githubusercontent.com/u/84997490?v=4","issue_authors"
"zkamvar",2,"https://avatars.githubusercontent.com/u/3639446?v=4","code"
"zmcucunuba",28,"https://avatars.githubusercontent.com/u/22243967?v=4","code"
